{
  "auroc_metrics": {
    "se_uncertainty_score": {
      "best_incorrect": {
        "auroc": 0.6080175548589342,
        "aupr": 0.7855642060109588,
        "spearman_r": 0.18397822671531475
      }
    }
  },
  "correctness_analysis": {
    "se_uncertainty_score": {
      "correct": {
        "mean": 0.16474468925924093
      },
      "incorrect": {
        "mean": 0.29119927301779874
      },
      "higher_for_incorrect": 